case_id,source_id,source,fixture,expected,actual,constraint_component,result_path,explicit_project_explanation,documented_fix,evidence_type,observed_pattern,researcher_note,evidence_url
C001,SRC003,OGC Building Blocks,feature-bad-link-fail.ttl,fail,SHACL conforms=false,NodeConstraintComponent,rdfs:seeAlso,Test is explicitly marked as expected to fail; SHACL report says the value does not conform to geojson:LinkShape.,not documented in inspected evidence,expected fixture + SHACL report,P1;P2,"The report identifies the violated nested shape, but does not explain why the bad link arose.",https://github.com/opengeospatial/bblocks/blob/af182cbb1a49775a3ecd526bed20a2600ab3e639/tests/geo/features/feature/feature-bad-link-fail.validation_passed.txt
C002,SRC003,OGC Building Blocks,feature-point-no-coordinates-fail.ttl,fail,SHACL conforms=false,NodeConstraintComponent,geojson:geometry,Test is explicitly marked as expected to fail; report says the geometry value does not conform to geojson:GeometryShape.,not documented in inspected evidence,expected fixture + SHACL report,P1;P2,"The filename provides test intent, while the SHACL report gives the violated shape/path. The evidence should not be expanded into an inferred root cause.",https://github.com/opengeospatial/bblocks/blob/af182cbb1a49775a3ecd526bed20a2600ab3e639/tests/geo/features/feature/feature-point-no-coordinates-fail.validation_passed.txt
C003,SRC006,ODCT,modifieddataset1.json,non-compliant,68% compliant properties; 73.33% compliant constraints,not extracted from summary source,not extracted from summary source,The dataset intentionally introduces type mismatches and spelling errors.,not verified,seeded-error dataset + project description + compliance report,P1;P3,The source explicitly states the error types. This is stronger contextual evidence than inferring a cause from a validation result alone.,https://zenodo.org/records/19222588
C004,SRC006,ODCT,modifieddataset2.json,non-compliant / partially unchecked,79.31% compliant properties; 93.33% compliant constraints; some items not checked,not extracted from summary source,not extracted from summary source,The dataset intentionally contains extraneous properties and missing required properties.,not verified,seeded-error dataset + project description + compliance report,P1;P3,The intended defects are explicitly documented by the project.,https://zenodo.org/records/19222588
C005,SRC006,ODCT,modifieddataset3.json,non-compliant / partially unchecked,53.57% compliant properties; 66.67% compliant constraints; non-compliant and unchecked items reported,not extracted from summary source,not extracted from summary source,The dataset intentionally includes extraneous and missing properties and additional priority levels.,not verified,seeded-error dataset + project description + compliance report,P1;P3,"Again, the project supplies intended-error context independently of the validator output.",https://zenodo.org/records/19222588
C006,SRC012,IndustryFusion Process Data Twin,test22/model3.jsonld,documented deliberate divergence from PySHACL,PySHACL reports NodeKindConstraintComponent; project intentionally does not,NodeKindConstraintComponent,nums,"An empty RDF list becomes rdf:nil, which is an IRI. The project states that the resulting SHACL node-kind violation is a representation artefact rather than something wrong with the data.",No repair to data; divergence is intentionally accepted.,human-written rationale for validator divergence,P3;P5,Strong example where project interpretation goes beyond the structural SHACL result.,https://github.com/IndustryFusion/DigitalTwin/blob/9a7deb0c9e7dd664dc016a4ae992e15e815a3a41/semantic-model/shacl2flink/tests/pyshacl-compare/expected-divergences.txt
C007,SRC012,IndustryFusion Process Data Twin,test5/model1.jsonld and test5/model2.jsonld,documented deliberate divergence from PySHACL,PySHACL reports range violations for numeric values represented as strings; project intentionally parses lexical values,MaxInclusive / MinInclusive / MinExclusive,activeState; depth,The project says numeric strings are ordinary correct NGSI-LD data in its context and deliberately stays more relaxed than SHACL's declared-type comparison.,No data repair; implementation behaviour is deliberately different.,human-written application-context rationale,P3;P5,Application context changes how a validation finding is interpreted.,https://github.com/IndustryFusion/DigitalTwin/blob/9a7deb0c9e7dd664dc016a4ae992e15e815a3a41/semantic-model/shacl2flink/tests/pyshacl-compare/expected-divergences.txt
C008,SRC012,IndustryFusion Process Data Twin,test9/model2.jsonld; test9/model6.jsonld; test16/model2.jsonld; test19/model3.jsonld,same underlying failure may be named differently,PySHACL reports wrapper components while project reports more specific inner components,Or / Node versus Datatype / Or,hasIntegerOrDouble; hasVariable; hasReferenced,"The project explains that flattening the shape tree changes which component names the alert, although the underlying failing attribute is the same.",not applicable,human-written report-structure explanation,P3;P5,Constraint-component labels alone do not fully determine the interpretation of a failure.,https://github.com/IndustryFusion/DigitalTwin/blob/9a7deb0c9e7dd664dc016a4ae992e15e815a3a41/semantic-model/shacl2flink/tests/pyshacl-compare/expected-divergences.txt
C009,SRC023,BuildingMOTIF,model validation tutorial — manifest validation,model should satisfy manifest requirements,model invalid because required heating coil is missing,custom BuildingMOTIF constraint output; exact SHACL component not extracted here,heating-coil requirement in manifest,The tutorial explicitly says one reason for failure is that the required heating coil was forgotten.,"Add a Brick Heating_Coil, connect it to the AHU, and validate again; tutorial reports success.",human explanation + demonstrated correction,P3;P4,This source links the failed requirement to a concrete correction and re-validation.,https://github.com/NatLabRockies/BuildingMOTIF/blob/64ae7a0cb49fdbf9f95fa07ab3592f43800bc40e/docs/tutorials/model_validation.md
C010,SRC023,BuildingMOTIF,model validation tutorial — Guideline 36 use-case validation,AHU should satisfy single-zone VAV requirements,validation fails because required points are missing,not extracted,use-case shape requirements,The tutorial states that the AHU does not have the required points and contrasts the official SHACL report with BuildingMOTIF's easier-to-understand interpretation.,Templates can be added; automatic template finding is deferred to the next tutorial.,human explanation + user-facing interpretation,P3,Useful example of project-level interpretation layered on top of the SHACL report.,https://github.com/NatLabRockies/BuildingMOTIF/blob/64ae7a0cb49fdbf9f95fa07ab3592f43800bc40e/docs/tutorials/model_validation.md
C011,SRC024,Unified Cyber Ontology,location_XFAIL,fail,SHACL conforms=false; three ValidationResults stored,ClassConstraintComponent (2); DatatypeConstraintComponent (1),core:hasFacet; location:postalCode,The README states XFAIL examples are modified to trigger shape validation errors. The stored report says two hasFacet values do not have class core:Facet and postalCode is integer rather than xsd:string.,not documented in inspected evidence,XFAIL intent + stored SHACL report,P1;P2,"The repository documents test intent and validator findings, but the inspected evidence does not provide a separate prose root-cause narrative for each result.",https://github.com/ucoProject/UCO/blob/7ebb3957e9e9a2e1bb9c66cd1ede8c912a726344/tests/examples/location_XFAIL_validation.ttl
C012,SRC030,Cube Schema,invalid.withoutProperties.ttl,fail,SHACL conforms=false,NodeConstraintComponent with nested MinCountConstraintComponent,cube:observationConstraint; nested sh:property,The approved report states that the Cube must point to a valid Constraint and that the Constraint needs at least a certain amount of sh:properties (minCount 3).,not documented in inspected evidence,invalid fixture + approved nested SHACL report,P1;P2,"The nested report gives a precise constraint-level explanation, but not provenance for why the invalid input was produced.",https://github.com/zazuko/cube-link/blob/f042b86ad13ada3af8a48b62bb56de15d197199b/test/basic-cube-constraint/invalid.withoutProperties.ttl.approved.txt
C013,SRC032,CRS Ontology,axisDirection-fail.ttl,fail,SHACL conforms=true; test harness reports 'expected to fail but it did not',none in SHACL report because conforms=true,none,Generated report records the mismatch between the expected failing test and the SHACL result.,not documented in inspected evidence,expected-fail metadata + generated report,P5,"This is a test-expectation mismatch, not a SHACL validation violation.",https://github.com/opengeospatial/ontology-crs/blob/d7b6dbb9c22e11bbcd6440b41cac35d54e26884a/build/tests/report.json
C014,SRC032,CRS Ontology,coordinateSystemAxis.ttl,not marked requireFail,SHACL conforms=false,ClassConstraintComponent,geosrs_cs:axis,Generated SHACL result message says 'A coordinate system should have at least one axis'.,not documented in inspected evidence,unexpected SHACL failure + generated report,P2;P5,"The test resource is not marked as expected to fail, yet validation fails. This again requires separating test-harness expectations from SHACL outcomes.",https://github.com/opengeospatial/ontology-crs/blob/d7b6dbb9c22e11bbcd6440b41cac35d54e26884a/build/tests/report.json
