source_id,discovered_repository,source_name,public_shacl_artifact,identifiable_source,validation_target,purpose_evidence,fixed_reference,evidence_path,decision,exclusion_reason
SRC007,fabio-rovai/open-ontologies,Open Ontologies,yes,yes,benchmark/example ontologies,tool benchmarking and ontology engineering,6f81d788c37a51d206542496620920c35a429b17,benchmark/reference/ies4.shacl,excluded,SHACL files found are benchmark/example material supporting the software rather than a maintained domain validation resource in the collection scope.
SRC008,Open-MBEE/mms-rdf,MMS-RDF,no,yes,not verified,not verified,fd39c2a7622fd8637c0cd38c8524fea01fa1665f,config.js,excluded,The screened repository declares the SHACL namespace but no concrete maintained SHACL shapes graph or documented SHACL validation target was verified.
SRC009,jp-textbook/jp-textbook.github.io,Japanese Textbook Linked Open Data,yes,yes,Japanese Textbook LOD resources,constraints for textbook linked data,b3580f409e2f6e4a7ef56249ad093a9e5a5d46d5,ItemShape.ttl; SchoolShape.ttl; other *Shape.ttl files,included,
SRC010,vemonet/shapes-of-you,Shapes of You,yes,yes,heterogeneous indexed resources,resource discovery/indexing,cf8efe48ef560e3d7d2b2ca806114fe23beb0928,README.md,excluded,"This is a discovery/indexing registry over heterogeneous third-party resources, not one underlying SHACL validation source. It is retained as a possible discovery route instead."
SRC011,BrickSchema/docs,Brick,yes,yes,Brick building models,validation and inference for Brick models,2f08f52fd25ac03d08e402a6d32f02ec137213c7,validation.ttl; bricksrc/root_class_shapes.ttl,included,
SRC012,IndustryFusion/DigitalTwin,IndustryFusion Process Data Twin,yes,yes,IndustryFusion NGSI-LD/RDF digital-twin model,"data quality, compliance, and graph-rule validation",9a7deb0c9e7dd664dc016a4ae992e15e815a3a41,semantic-model/kms/shacl.ttl; semantic-model/datamodel/,included,
SRC013,rdf-connect/ldes-server,ldes-server,yes,yes,example PointShape,documentation example,2eefc570033a7e09a64d3df68acd06f4893aa812,README.md,excluded,The SHACL material verified in the screened source is an illustrative README example; no standalone maintained project SHACL validation artifact was verified.
SRC014,iodepo/odis-arch,ODIS Architecture,yes,yes,ODIS/schema.org/DCAT dataset metadata,validation of ocean-data metadata,9f659405483a70ed26d75608806f0795a0cd2504,validation/SHACL/; book/validation/graphs/,included,
SRC015,MaastrichtU-IDS/shacl-shapes,MaastrichtU IDS SHACL Shapes Registry,yes,yes,heterogeneous,registry/discovery,702f6f67de2ebb2ec345ffdef5e0a9193966c991,README.md; generic/ontology_shape.shacl.ttl,excluded,The repository is an aggregator/registry of heterogeneous shapes. Underlying resources should be followed to their original sources rather than treated as one source.
SRC016,dasch-swiss/dsp-ontologies,DaSCH Service Platform Ontologies,yes,yes,DSP project metadata,validation of project metadata against the DSP ontology,496de846345afb4e94d9ec5643dba4161d87629c,dsp-repository/v1/dsp-repository.shacl.ttl,included,
SRC017,ralforion/orionbelt-analytics,OrionBelt Analytics,yes,yes,OrionBelt generated OWL/OBA ontology structure,structural validation of generated ontology metadata,dca364512367df85532999b006c077280d0fa5e5,ontology/oba-shacl.ttl; ontology/spec.md,included,
SRC018,fair-squared/fair2-spec,FAIR² Specification,yes,yes,FAIR² data model,validation of data against the FAIR² specification,513fc1afb29c389c6d24e82935b993acc0c1c2f6,shapes/turtle/; README.md,included,
SRC019,Informatievlaanderen/generieke-hypermedia-api,Generieke Hypermedia API,no,yes,not verified,not verified,e149b3cb2801ada6f82dd57c0467c270f424b1ff,crud-operaties.md,excluded,The screened repository mentions SHACL-related concepts but no concrete maintained SHACL shapes graph with an identifiable validation target was verified.
SRC020,dbpedia/databus,DBpedia Databus,yes,yes,DBpedia Databus metadata model,validation of Databus metadata entities,25f6f0436d859e83da56e59eea0643a7b9818ff6,model/generated/shacl/; docs/*.md,included,
SRC021,w3c/wot-thing-description,Web of Things Thing Description,yes,yes,WoT Thing Description RDF model,validation of Thing Description constraints,7fe7899f207a1ed229f3ca9f31168f6cc18e38a7,validation/td-validation.ttl,included,
SRC022,italia/dati-semantic-assets,Italian National Semantic Assets,yes,yes,published ontologies and controlled vocabularies,validation of required semantic-asset metadata for publication,a0f5b1ceb98054d29cbb31a18e94bedf605d9447,Ontologie/rules.shacl; VocabolariControllati/rules.shacl,included,
SRC023,NatLabRockies/BuildingMOTIF,BuildingMOTIF,yes,yes,building metadata models such as Brick and application manifests,"ontology, manifest, and use-case validation",64ae7a0cb49fdbf9f95fa07ab3592f43800bc40e,libraries/ZonePAC/shapes.ttl; buildingmotif/libraries/; docs/tutorials/model_validation.md,included,
SRC024,ucoProject/UCO,Unified Cyber Ontology,yes,yes,UCO cybersecurity information model,validation constraints integrated with UCO ontology modules,7ebb3957e9e9a2e1bb9c66cd1ede8c912a726344,ontology/co/co.ttl; ontology/owl/owl.ttl; ontology/uco/,included,
SRC025,EKGF/dprod,Data Products Ontology (DPROD),yes,yes,DPROD data-product model,validation of DPROD instances and contract semantics,cd6e07a367bc0a612806a8c3502efc9c0340be63,ontology/dprod/dprod-shapes.ttl; dprod-contracts/dprod-contracts-shapes.ttl,included,
SRC026,spdx/spdx-3-model,SPDX 3 Model,yes,yes,SPDX 3 information model,serialization and validation of SPDX model data,c58e241970bc3077696e88acc32a10d97558ae67,docs/format.md; generated spdx-model.ttl referenced from README,included,
SRC027,euBusinessGraph/eubg-data,euBusinessGraph Semantic Model,yes,yes,euBusinessGraph company-data model,validation of incoming company data,18f0437c366227956e7f6b41a30e128e4239dddf,model/ebg-shapes.shacl,included,
SRC028,DataONEorg/sem-prov-ontologies,MOSAiC Ontology SHACL Shapes,yes,yes,MOSAiC ontology classes and annotated expedition data,development constraints over MOSAiC ontology instances,822249f9f349b2b4713b9d8a8d54de8d7e8e7ac1,MOSAiC/dev/shapes.shacl; MOSAiC/README.md,included,
SRC029,chin-rcip/CRITERIA,CRITERIA,yes,yes,demo RDF nodes,diagram annotation/visualization,dfc7e5b74e6543c9b8e7756b33c5b554b2df6754,rdf/demo_shape.shacl; README.md,excluded,The concrete SHACL file is a demo/annotation aid for visualization rather than a maintained SHACL validation resource with a documented validation task.
SRC030,zazuko/cube-link,Cube Schema,yes,yes,Cube datasets and profile-specific metadata,"validation of cubes, hierarchies, metadata profiles, and observations",f042b86ad13ada3af8a48b62bb56de15d197199b,validation/; test/; README.md,included,
SRC031,researchstudio-sat/webofneeds,Web of Needs,yes,yes,Web of Needs atoms/content and authorization data,validation of project RDF content and requirements,c64a0889e7ac0f81c1f3a6a2d2b3f01372457686,webofneeds/won-utils/won-utils-content/src/main/resources/shacl/won-content-shapes.ttl,included,
SRC032,opengeospatial/ontology-crs,CRS Ontology,yes,yes,CRS ontology data and coordinate-system structures,validation/rules for CRS ontology resources,d7b6dbb9c22e11bbcd6440b41cac35d54e26884a,_sources/cs/rules.shacl; _sources/srs/rules.shacl; _sources/datum/rules.shacl,included,
SRC033,OP-TED/model2owl,model2owl,yes,yes,generated downstream models,SHACL generation tooling,351ee025728c1a606c19175b687eb94c637e9571,src/shacl-shapes.xsl; test/testData/shacl/,excluded,This repository is the generator/tool and its concrete SHACL files are tests/generated examples. Downstream published eProcurement SHACL outputs should be followed as their own source.
SRC034,coasys/ad4m,AD4M,yes,yes,runtime-generated application schemas,runtime schema representation,d877db2138427350ee4060a786eb8040b99c1fe6,SHACL_SDNA_ARCHITECTURE.md; core/src/shacl/SHACLShape.ts,excluded,The verified SHACL material is architecture documentation and runtime-generated schema code; no standalone maintained public SHACL shapes artifact was identified for collection.
SRC035,TriplyDB/YALC,YALC (Yet Another LOD Cloud),yes,yes,YALC linked-dataset metadata/configuration,validation constraints for YALC dataset descriptions,7c3bb255ced897f098c944f8ea561de9ce4cdb29,rdf/patterns.trig,included,
SRC036,inovexcorp/mobi,Mobi,yes,yes,Mobi setting/workflow RDF definitions,structural constraints and UI-enforced setting validation,e71dcac8088bc60cf3632414b83ef2b13e97cdc1,com.mobi.setting.api/README.md; com.mobi.notification.api/src/main/resources/notification.ttl,included,
SRC037,floresbakker/htmlvoc,htmlvoc,yes,yes,RDF representation of HTML documents,validation of semantic HTML documents,b6da9e1bac450d75f91daf987137ef15e229a31a,specification/html - validation.trig,included,
SRC038,Bayer-Group/COLID-Documentation,COLID,yes,yes,COLID corporate-asset metadata model,validation of resource metadata defined by the COLID ontology,98419222fad39b80a3a155e1c33afa6dcadfeccf,fuseki-staging/graphs/metadata/pid_ontology_12__OpenSource.ttl; COLID-Documentation ontology docs,included,
SRC039,Stichting-CROW/imbor,IMBOR,yes,yes,registered public-space asset data conforming to IMBOR,validation of registered data against IMBOR constraints,32761285e1e5385fe273aa763b2f9411dc973638,docs/imbor-ld/docs/m1-spec.md; docs/best-practices/sections/shacl-shapes.md,included,
