source_id,source_name,snapshot,shacl_verified,target_verified,examples_status,examples_evidence,tests_status,tests_evidence,reports_status,reports_evidence,profiles_or_versions,profiles_or_versions_evidence,notes
SRC002,QUDT,3.5.2 (GitHub tag v3.5.2 = 01c17801dd651d2e206369d12695e54125ea3d6e),yes,yes,verified_yes,src/main/rdf/examples/EXAMPLES_QUDT-DATATYPES.ttl,verified_yes,src/main/rdf/examples/EXAMPLES_QUDT-INVALID-DATATYPES.ttl,not_verified,,not_verified,,Evidence was taken from the GitHub release tag rather than the qudt.org catalog.
SRC003,OGC Building Blocks,af182cbb1a49775a3ecd526bed20a2600ab3e639,yes,yes,verified_yes,registereditems/geo/features/feature/example.json,verified_yes,registereditems/geo/features/feature/tests/,verified_yes,tests/report.json; tests/geo/features/feature/*.validation_passed.txt,not_verified,,
SRC004,GeoSPARQL,geosemantics-semantic-resources 658d2ad16e4c28a786ff657a8517fa8f7c50abe7,yes,yes,not_verified,,not_verified,,not_verified,,not_verified,,The ogc-geosparql repository listed in data/sources.csv was not checked.
SRC005,DCAT-AP,tag 3.0.1 = 21f43cee5d61aa29e729e2e9193fc697f7b63861,yes,yes,verified_yes,releases/3.0.1/html/examples/,not_verified,,not_verified,,verified_yes,releases/2.0.0/; releases/2.1.1/; releases/2.2.0/shacl/; releases/3.0.1/shacl/; profile releases/3.0.0-hvd/shacl/hvd-SHACL.ttl,
SRC006,ODCT,10.5281/zenodo.19222588,yes,yes,verified_yes,compliant_dataset.json,verified_yes,modifieddataset1.json; modifieddataset2.json; modifieddataset3.json,verified_yes,*_Compliance_Testing_Report files,not_verified,,Evidence carried over from data/artifacts.csv.
SRC009,Japanese Textbook Linked Open Data,b3580f409e2f6e4a7ef56249ad093a9e5a5d46d5,yes,yes,not_verified,,not_verified,,not_verified,,not_verified,,A path search over 304881 files found no candidates.
SRC011,Brick,2f08f52fd25ac03d08e402a6d32f02ec137213c7,yes,yes,verified_yes,examples/,verified_yes,tests/test_shapes.py; tests/test_examples.py,not_verified,,not_verified,,Expected conformance is asserted in test code only.
SRC012,IndustryFusion Process Data Twin,9a7deb0c9e7dd664dc016a4ae992e15e815a3a41,yes,yes,verified_yes,semantic-model/datamodel/examples/,verified_yes,semantic-model/shacl2flink/tests/sql-tests/kms-constraints/test1/,verified_yes,semantic-model/shacl2flink/tests/sql-tests/kms-constraints/test1/model*.jsonld_result; semantic-model/shacl2flink/tests/pyshacl-compare/expected-divergences.txt,not_verified,,
SRC014,ODIS Architecture,9f659405483a70ed26d75608806f0795a0cd2504,yes,yes,verified_yes,book/validation/graphs/dataexample.jsonld; validation/datagraphs/datagraph.json,not_verified,,verified_yes,validation/output/eco_opentopo_SHACL.csv,verified_yes,validation/SHACL/oih_search.ttl; validation/SHACL/oih_searchv2.ttl; validation/SHACL/oih_spatial0.ttl; validation/SHACL/oih_spatial1.ttl,The versions are unreleased variant files.
SRC016,DaSCH Service Platform Ontologies,496de846345afb4e94d9ec5643dba4161d87629c,yes,yes,verified_yes,example/example-metadata*.ttl,verified_yes,test/test_*Shape.py; test/test_data/,not_verified,,not_verified,,
SRC017,OrionBelt Analytics,dca364512367df85532999b006c077280d0fa5e5,yes,yes,verified_yes,ontology/oba-example.ttl,verified_yes,tests/test_shacl_validation.py,not_verified,,not_verified,,
SRC018,FAIR² Specification,513fc1afb29c389c6d24e82935b993acc0c1c2f6,yes,yes,verified_yes,examples/example-1/borja2025.json,not_verified,,not_verified,,not_verified,,shapes/json-ld/ is a serialization of shapes/turtle/.
SRC020,DBpedia Databus,25f6f0436d859e83da56e59eea0643a7b9818ff6,yes,yes,not_verified,,verified_yes,server/app/tests/templates/; server/app/tests/utils/embedded-store.js,not_verified,,not_verified,,examples/ contains generation scripts only.
SRC021,Web of Things Thing Description,7fe7899f207a1ed229f3ca9f31168f6cc18e38a7,yes,yes,verified_yes,validation/resources/thing-descriptions.js,verified_yes,validation/td-validation-shacl-ld.test.js,not_verified,,not_verified,,testing/inputs/results/ holds W3C implementation reports rather than SHACL outputs.
SRC022,Italian National Semantic Assets,a0f5b1ceb98054d29cbb31a18e94bedf605d9447,yes,yes,not_verified,,not_verified,,not_verified,,not_verified,,rules.shacl targets the ontology files; versions of the target ontologies are not counted.
SRC023,BuildingMOTIF,64ae7a0cb49fdbf9f95fa07ab3592f43800bc40e,yes,yes,verified_yes,notebooks/smallOffice_brick.ttl; notebooks/mediumOffice-validation/,verified_yes,tests/library/test_brick_templates.py; tests/unit/fixtures/,verified_yes,notebooks/223P-Validation.ipynb,not_verified,,The report is stored as notebook cell output.
SRC024,Unified Cyber Ontology,7ebb3957e9e9a2e1bb9c66cd1ede8c912a726344,yes,yes,verified_yes,tests/examples/*_PASS.json,verified_yes,tests/examples/*_XFAIL.json; tests/shapes/test_qc_shapes.py,verified_yes,tests/examples/*_validation.ttl,not_verified,,
SRC025,Data Products Ontology (DPROD),cd6e07a367bc0a612806a8c3502efc9c0340be63,yes,yes,verified_yes,examples/; dprod-contracts/examples/,verified_yes,dprod-contracts/tests/,not_verified,,verified_yes,site/public/spec/archive/1.0/dprod-shapes.ttl; ontology/dprod/dprod-shapes.ttl,The RDFUnit results in ontology/dprod/artifacts/ are ontology checks rather than SHACL outputs.
SRC026,SPDX 3 Model,c58e241970bc3077696e88acc32a10d97558ae67,yes,yes,verified_yes,serialization/jsonld/examples/,not_verified,,not_verified,,not_verified,,
SRC027,euBusinessGraph Semantic Model,18f0437c366227956e7f6b41a30e128e4239dddf,yes,yes,verified_yes,example/*.nt,not_verified,,not_verified,,not_verified,,model/ also contains ShEx and SHACLC forms of the shapes.
SRC028,MOSAiC Ontology SHACL Shapes,822249f9f349b2b4713b9d8a8d54de8d7e8e7ac1,yes,yes,not_verified,,not_verified,,not_verified,,not_verified,,The shapes validate MOSAiC/MOSAiC.owl itself.
SRC030,Cube Schema,f042b86ad13ada3af8a48b62bb56de15d197199b,yes,yes,verified_yes,test/basic-cube-constraint/valid.minimal.ttl,verified_yes,test/,verified_yes,test/**/*.approved.txt,verified_yes,validation/profile-*.ttl,
SRC031,Web of Needs,c64a0889e7ac0f81c1f3a6a2d2b3f01372457686,yes,yes,not_verified,,verified_yes,webofneeds/won-utils/won-utils-goals/src/test/java/won/utils/shacl/ShaclTest.java; webofneeds/won-utils/won-utils-goals/src/test/resources/won/utils/shacl/,not_verified,,not_verified,,The tests use test-local shapes rather than won-content-shapes.ttl.
SRC032,CRS Ontology,d7b6dbb9c22e11bbcd6440b41cac35d54e26884a,yes,yes,verified_yes,_sources/cs/examples/,verified_yes,_sources/cs/tests/,verified_yes,build/tests/report.json; build/tests/geosrs/*/*.validation_passed.txt; build/tests/geosrs/*/*.validation_failed.txt,not_verified,,
SRC035,YALC (Yet Another LOD Cloud),7c3bb255ced897f098c944f8ea561de9ce4cdb29,yes,yes,not_verified,,not_verified,,not_verified,,not_verified,,A path search found no candidates.
SRC036,Mobi,e71dcac8088bc60cf3632414b83ef2b13e97cdc1,yes,yes,not_verified,,verified_yes,com.mobi.workflows.impl.core/src/test/java/com/mobi/workflows/impl/core/SimpleWorkflowManagerTest.java; com.mobi.workflows.impl.core/src/test/resources/undefined-workflow.ttl,not_verified,,not_verified,,The setting validation tests use Java checks rather than a SHACL engine.
SRC037,htmlvoc,b6da9e1bac450d75f91daf987137ef15e229a31a,yes,yes,verified_yes,examples/HTML-table-template-example.trig,not_verified,,not_verified,,not_verified,,
SRC038,COLID,98419222fad39b80a3a155e1c33afa6dcadfeccf,yes,yes,verified_yes,fuseki-staging/graphs/instances/,not_verified,,not_verified,,not_verified,,
SRC039,IMBOR,32761285e1e5385fe273aa763b2f9411dc973638,yes,yes,verified_yes,docs/mds/data/IMBOR_voorbeeldata_2025.ttl; docs/uitwisseling_rdf/files/ld_files/IMBOR_Exchange_Sample.ttl,not_verified,,verified_yes,docs/mds/data/voorbeeldreport_shacl_validatie.ttl,not_verified,,The report file is UTF-16 encoded.
SRC040,W3C SHACL Resources,eaffc1aa8958d21dac4c6bb514014e1a2ac23b02,yes,yes,not_verified,,not_verified,,not_verified,,not_verified,,The snapshot contains 22 files and none are candidates.
SRC041,The Profiles Vocabulary 1.0,b17d619fb7a2b71f0701142c0d25b86e2c6c1d6b,yes,yes,verified_yes,prof/examples/dcat-ap.ttl,verified_yes,testsuite/validator/data/; testsuite/validator/test_validator.py,not_verified,,not_verified,,publication-snapshots/2026/FPWD/rdf/validator.ttl is identical to prof/rdf/validator.ttl.
SRC042,SHACL and ShEx in the Wild,1884aaf78c2feb2c4cdad24572f85b2c206712d3,yes,yes,not_verified,,not_verified,,not_verified,,not_verified,,The Zenodo record 10.5281/zenodo.5958986 was not checked.
