source_id,artifact_type,name,version,url,repository_path,commit_or_release,retrieved_on,format,authoritative_status,intended_target,profile_name,generation_method,examples_available,tests_available,license,local_path,notes,source_snapshot,evidence_url,collection_note
SRC002,ontology,QUDT OWL Datatype Schema,3.5.2,http://qudt.org/3.5.2/schema/datatype,,3.5.2,2026-09-28,turtle,official,QUDT datatype schema,,unknown,unknown,unknown,unknown,,Fixed expected resource manually verified against the official QUDT 3.5.2 catalog.,QUDT 3.5.2,https://www.qudt.org/catalog/qudt-catalog.html,verified against official catalog; not dynamically parsed from catalog HTML; URL already present in artifacts.csv
SRC002,ontology,QUDT OWL Schema,3.5.2,http://qudt.org/3.5.2/schema/qudt,,3.5.2,2026-09-28,turtle,official,QUDT schema,,unknown,unknown,unknown,unknown,,Fixed expected resource manually verified against the official QUDT 3.5.2 catalog.,QUDT 3.5.2,https://www.qudt.org/catalog/qudt-catalog.html,verified against official catalog; not dynamically parsed from catalog HTML; URL already present in artifacts.csv
SRC002,shacl,QUDT SHACL Datatype Schema,3.5.2,http://qudt.org/3.5.2/schema/shacl/datatype,,3.5.2,2026-09-28,turtle,official,QUDT datatype schema,,unknown,unknown,unknown,unknown,,Fixed expected resource manually verified against the official QUDT 3.5.2 catalog.,QUDT 3.5.2,https://www.qudt.org/catalog/qudt-catalog.html,verified against official catalog; not dynamically parsed from catalog HTML; URL already present in artifacts.csv
SRC002,shacl,QUDT SHACL Overlay,3.5.2,http://qudt.org/3.5.2/schema/shacl/overlay/qudt,,3.5.2,2026-09-28,turtle,official,QUDT schema,,unknown,unknown,unknown,unknown,,Fixed expected resource manually verified against the official QUDT 3.5.2 catalog.,QUDT 3.5.2,https://www.qudt.org/catalog/qudt-catalog.html,verified against official catalog; not dynamically parsed from catalog HTML; URL already present in artifacts.csv
SRC002,shacl,QUDT SHACL Schema,3.5.2,http://qudt.org/3.5.2/schema/shacl/qudt,,3.5.2,2026-09-28,turtle,official,QUDT schema,,unknown,unknown,unknown,unknown,,Fixed expected resource manually verified against the official QUDT 3.5.2 catalog.,QUDT 3.5.2,https://www.qudt.org/catalog/qudt-catalog.html,verified against official catalog; not dynamically parsed from catalog HTML; URL already present in artifacts.csv
SRC002,vocabulary,QUDT Vocabulary Constants,3.5.2,http://qudt.org/3.5.2/vocab/constant,,3.5.2,2026-09-28,turtle,official,QUDT constants vocabulary,,unknown,unknown,unknown,unknown,,Fixed expected resource manually verified against the official QUDT 3.5.2 catalog.,QUDT 3.5.2,https://www.qudt.org/catalog/qudt-catalog.html,verified against official catalog; not dynamically parsed from catalog HTML
SRC002,vocabulary,QUDT Vocabulary Datatypes,3.5.2,http://qudt.org/3.5.2/vocab/datatype,,3.5.2,2026-09-28,turtle,official,QUDT datatypes vocabulary,,unknown,unknown,unknown,unknown,,Fixed expected resource manually verified against the official QUDT 3.5.2 catalog.,QUDT 3.5.2,https://www.qudt.org/catalog/qudt-catalog.html,verified against official catalog; not dynamically parsed from catalog HTML
SRC002,vocabulary,QUDT Vocabulary Dimension Vectors,3.5.2,http://qudt.org/3.5.2/vocab/dimensionvector,,3.5.2,2026-09-28,turtle,official,QUDT dimension vectors vocabulary,,unknown,unknown,unknown,unknown,,Fixed expected resource manually verified against the official QUDT 3.5.2 catalog.,QUDT 3.5.2,https://www.qudt.org/catalog/qudt-catalog.html,verified against official catalog; not dynamically parsed from catalog HTML
SRC002,vocabulary,QUDT Vocabulary Prefixes,3.5.2,http://qudt.org/3.5.2/vocab/prefix,,3.5.2,2026-09-28,turtle,official,QUDT prefixes vocabulary,,unknown,unknown,unknown,unknown,,Fixed expected resource manually verified against the official QUDT 3.5.2 catalog.,QUDT 3.5.2,https://www.qudt.org/catalog/qudt-catalog.html,verified against official catalog; not dynamically parsed from catalog HTML
SRC002,vocabulary,QUDT Vocabulary Quantity Kinds,3.5.2,http://qudt.org/3.5.2/vocab/quantitykind,,3.5.2,2026-09-28,turtle,official,QUDT quantity kinds vocabulary,,unknown,unknown,unknown,unknown,,Fixed expected resource manually verified against the official QUDT 3.5.2 catalog.,QUDT 3.5.2,https://www.qudt.org/catalog/qudt-catalog.html,verified against official catalog; not dynamically parsed from catalog HTML
SRC002,vocabulary,QUDT Vocabulary Systems of Quantity Kinds,3.5.2,http://qudt.org/3.5.2/vocab/soqk,,3.5.2,2026-09-28,turtle,official,QUDT systems of quantity kinds vocabulary,,unknown,unknown,unknown,unknown,,Fixed expected resource manually verified against the official QUDT 3.5.2 catalog.,QUDT 3.5.2,https://www.qudt.org/catalog/qudt-catalog.html,verified against official catalog; not dynamically parsed from catalog HTML
SRC002,vocabulary,QUDT Vocabulary Systems of Units,3.5.2,http://qudt.org/3.5.2/vocab/sou,,3.5.2,2026-09-28,turtle,official,QUDT systems of units vocabulary,,unknown,unknown,unknown,unknown,,Fixed expected resource manually verified against the official QUDT 3.5.2 catalog.,QUDT 3.5.2,https://www.qudt.org/catalog/qudt-catalog.html,verified against official catalog; not dynamically parsed from catalog HTML
SRC002,vocabulary,QUDT Vocabulary Units,3.5.2,http://qudt.org/3.5.2/vocab/unit,,3.5.2,2026-09-28,turtle,official,QUDT units vocabulary,,unknown,unknown,unknown,unknown,,Fixed expected resource manually verified against the official QUDT 3.5.2 catalog.,QUDT 3.5.2,https://www.qudt.org/catalog/qudt-catalog.html,verified against official catalog; not dynamically parsed from catalog HTML
SRC003,shacl,shapes.shacl,unknown,https://opengeospatial.github.io/bblocks/registereditems/geo/features/feature/shapes.shacl,registereditems/geo/features/feature/shapes.shacl,af182cbb1a49775a3ecd526bed20a2600ab3e639,2026-09-28,turtle,unknown,OGC Building Block instance data,,unknown,yes,yes,Apache 2.0,,"Distinct SHACL file referenced by one or more building blocks in the fixed OGC Main register snapshot. For the direct owning resources registereditems/geo/features/feature/ and registereditems/geo/features/featureCollection/, the fixed snapshot contains examples and tests directories. The repository LICENSE is Apache-2.0. Individual fixture files are not enumerated as primary artifacts.",opengeospatial/bblocks@af182cbb1a49775a3ecd526bed20a2600ab3e639 (Main register bblocks only),https://raw.githubusercontent.com/opengeospatial/bblocks/af182cbb1a49775a3ecd526bed20a2600ab3e639/register.json,"referenced_by=ogc.geo.features.feature, ogc.geo.features.featureCollection, ogc.geo.json-fg.feature, ogc.geo.json-fg.feature-lenient, ogc.geo.json-fg.featureCollection, ogc.geo.json-fg.featureCollection-lenient; URL already present in artifacts.csv"
SRC003,shacl,shapes.shacl,unknown,https://opengeospatial.github.io/bblocks/registereditems/geo/features/featureCollection/shapes.shacl,registereditems/geo/features/featureCollection/shapes.shacl,af182cbb1a49775a3ecd526bed20a2600ab3e639,2026-09-28,turtle,unknown,OGC Building Block instance data,,unknown,yes,yes,Apache 2.0,,"Distinct SHACL file referenced by one or more building blocks in the fixed OGC Main register snapshot. For the direct owning resources registereditems/geo/features/feature/ and registereditems/geo/features/featureCollection/, the fixed snapshot contains examples and tests directories. The repository LICENSE is Apache-2.0. Individual fixture files are not enumerated as primary artifacts.",opengeospatial/bblocks@af182cbb1a49775a3ecd526bed20a2600ab3e639 (Main register bblocks only),https://raw.githubusercontent.com/opengeospatial/bblocks/af182cbb1a49775a3ecd526bed20a2600ab3e639/register.json,"referenced_by=ogc.geo.features.featureCollection, ogc.geo.json-fg.featureCollection, ogc.geo.json-fg.featureCollection-lenient; URL already present in artifacts.csv"
SRC004,ontology,GeoSPARQL 1.1 Ontology (alignments.ttl),1.1,https://raw.githubusercontent.com/opengeospatial/geosemantics-semantic-resources/658d2ad16e4c28a786ff657a8517fa8f7c50abe7/resources/geosparql-swg/geosparql-1.1/ontologies/alignments.ttl,resources/geosparql-swg/geosparql-1.1/ontologies/alignments.ttl,658d2ad16e4c28a786ff657a8517fa8f7c50abe7,2026-09-28,turtle,official,GeoSPARQL 1.1,,unknown,unknown,unknown,unknown,,Primary ontology artifact identified by the GeoSPARQL 1.1 manifest.,geosemantics-semantic-resources@658d2ad16e4c28a786ff657a8517fa8f7c50abe7 / GeoSPARQL 1.1,https://raw.githubusercontent.com/opengeospatial/geosemantics-semantic-resources/658d2ad16e4c28a786ff657a8517fa8f7c50abe7/resources/geosparql-swg/geosparql-1.1/manifest.ttl,selected via manifest ontologies/*.ttl
SRC004,ontology,GeoSPARQL 1.1 Ontology (geo.ttl),1.1,https://raw.githubusercontent.com/opengeospatial/geosemantics-semantic-resources/658d2ad16e4c28a786ff657a8517fa8f7c50abe7/resources/geosparql-swg/geosparql-1.1/ontologies/geo.ttl,resources/geosparql-swg/geosparql-1.1/ontologies/geo.ttl,658d2ad16e4c28a786ff657a8517fa8f7c50abe7,2026-09-28,turtle,official,GeoSPARQL 1.1,,unknown,unknown,unknown,unknown,,Primary ontology artifact identified by the GeoSPARQL 1.1 manifest.,geosemantics-semantic-resources@658d2ad16e4c28a786ff657a8517fa8f7c50abe7 / GeoSPARQL 1.1,https://raw.githubusercontent.com/opengeospatial/geosemantics-semantic-resources/658d2ad16e4c28a786ff657a8517fa8f7c50abe7/resources/geosparql-swg/geosparql-1.1/manifest.ttl,selected via manifest ontologies/*.ttl
SRC004,ontology,GeoSPARQL 1.1 Ontology (sf_geometries.ttl),1.1,https://raw.githubusercontent.com/opengeospatial/geosemantics-semantic-resources/658d2ad16e4c28a786ff657a8517fa8f7c50abe7/resources/geosparql-swg/geosparql-1.1/ontologies/sf_geometries.ttl,resources/geosparql-swg/geosparql-1.1/ontologies/sf_geometries.ttl,658d2ad16e4c28a786ff657a8517fa8f7c50abe7,2026-09-28,turtle,official,GeoSPARQL 1.1,,unknown,unknown,unknown,unknown,,Primary ontology artifact identified by the GeoSPARQL 1.1 manifest.,geosemantics-semantic-resources@658d2ad16e4c28a786ff657a8517fa8f7c50abe7 / GeoSPARQL 1.1,https://raw.githubusercontent.com/opengeospatial/geosemantics-semantic-resources/658d2ad16e4c28a786ff657a8517fa8f7c50abe7/resources/geosparql-swg/geosparql-1.1/manifest.ttl,selected via manifest ontologies/*.ttl
SRC004,profile,GeoSPARQL 1.1 Profile (geo.ttl),1.1,https://raw.githubusercontent.com/opengeospatial/geosemantics-semantic-resources/658d2ad16e4c28a786ff657a8517fa8f7c50abe7/resources/geosparql-swg/geosparql-1.1/profiles/geo.ttl,resources/geosparql-swg/geosparql-1.1/profiles/geo.ttl,658d2ad16e4c28a786ff657a8517fa8f7c50abe7,2026-09-28,turtle,official,GeoSPARQL 1.1,GeoSPARQL,unknown,unknown,unknown,unknown,,Primary profile artifact identified by the GeoSPARQL 1.1 manifest.,geosemantics-semantic-resources@658d2ad16e4c28a786ff657a8517fa8f7c50abe7 / GeoSPARQL 1.1,https://raw.githubusercontent.com/opengeospatial/geosemantics-semantic-resources/658d2ad16e4c28a786ff657a8517fa8f7c50abe7/resources/geosparql-swg/geosparql-1.1/manifest.ttl,selected via manifest profiles/geo.ttl
SRC004,shacl,GeoSPARQL 1.1 RDF Shapes Validator (geo-validator.ttl),1.1,https://raw.githubusercontent.com/opengeospatial/geosemantics-semantic-resources/658d2ad16e4c28a786ff657a8517fa8f7c50abe7/resources/geosparql-swg/geosparql-1.1/validators/geo-validator.ttl,resources/geosparql-swg/geosparql-1.1/validators/geo-validator.ttl,658d2ad16e4c28a786ff657a8517fa8f7c50abe7,2026-09-28,turtle,official,GeoSPARQL 1.1 RDF data,,unknown,unknown,unknown,unknown,,"Canonical IRI: http://www.opengis.net/def/geosparql/validator. Authoritative provenance is official OGC material, but the validator is informative, not normative.",geosemantics-semantic-resources@658d2ad16e4c28a786ff657a8517fa8f7c50abe7 / GeoSPARQL 1.1,https://raw.githubusercontent.com/opengeospatial/geosemantics-semantic-resources/658d2ad16e4c28a786ff657a8517fa8f7c50abe7/resources/geosparql-swg/geosparql-1.1/manifest.ttl,selected via manifest validators/*.ttl
SRC004,specification,OGC GeoSPARQL 1.1 Standard Document,1.1,https://docs.ogc.org/is/22-047r1/22-047r1.html,,OGC 22-047r1 / GeoSPARQL 1.1,2026-09-28,html,official,GeoSPARQL 1.1,,unknown,unknown,unknown,unknown,,Specification document retained as evidence for the selected GeoSPARQL 1.1 snapshot and validator status.,GeoSPARQL 1.1,https://docs.ogc.org/is/22-047r1/22-047r1.html,specification evidence for target identification
SRC004,vocabulary,GeoSPARQL 1.1 Vocabulary (functions.ttl),1.1,https://raw.githubusercontent.com/opengeospatial/geosemantics-semantic-resources/658d2ad16e4c28a786ff657a8517fa8f7c50abe7/resources/geosparql-swg/geosparql-1.1/vocabs/functions.ttl,resources/geosparql-swg/geosparql-1.1/vocabs/functions.ttl,658d2ad16e4c28a786ff657a8517fa8f7c50abe7,2026-09-28,turtle,official,GeoSPARQL 1.1,,unknown,unknown,unknown,unknown,,Primary vocabulary artifact identified by the GeoSPARQL 1.1 manifest.,geosemantics-semantic-resources@658d2ad16e4c28a786ff657a8517fa8f7c50abe7 / GeoSPARQL 1.1,https://raw.githubusercontent.com/opengeospatial/geosemantics-semantic-resources/658d2ad16e4c28a786ff657a8517fa8f7c50abe7/resources/geosparql-swg/geosparql-1.1/manifest.ttl,selected via manifest vocabs/*.ttl
SRC004,vocabulary,GeoSPARQL 1.1 Vocabulary (requirements.ttl),1.1,https://raw.githubusercontent.com/opengeospatial/geosemantics-semantic-resources/658d2ad16e4c28a786ff657a8517fa8f7c50abe7/resources/geosparql-swg/geosparql-1.1/vocabs/requirements.ttl,resources/geosparql-swg/geosparql-1.1/vocabs/requirements.ttl,658d2ad16e4c28a786ff657a8517fa8f7c50abe7,2026-09-28,turtle,official,GeoSPARQL 1.1,,unknown,unknown,unknown,unknown,,Primary vocabulary artifact identified by the GeoSPARQL 1.1 manifest.,geosemantics-semantic-resources@658d2ad16e4c28a786ff657a8517fa8f7c50abe7 / GeoSPARQL 1.1,https://raw.githubusercontent.com/opengeospatial/geosemantics-semantic-resources/658d2ad16e4c28a786ff657a8517fa8f7c50abe7/resources/geosparql-swg/geosparql-1.1/manifest.ttl,selected via manifest vocabs/*.ttl
SRC004,vocabulary,GeoSPARQL 1.1 Vocabulary (rules.ttl),1.1,https://raw.githubusercontent.com/opengeospatial/geosemantics-semantic-resources/658d2ad16e4c28a786ff657a8517fa8f7c50abe7/resources/geosparql-swg/geosparql-1.1/vocabs/rules.ttl,resources/geosparql-swg/geosparql-1.1/vocabs/rules.ttl,658d2ad16e4c28a786ff657a8517fa8f7c50abe7,2026-09-28,turtle,official,GeoSPARQL 1.1,,unknown,unknown,unknown,unknown,,Primary vocabulary artifact identified by the GeoSPARQL 1.1 manifest.,geosemantics-semantic-resources@658d2ad16e4c28a786ff657a8517fa8f7c50abe7 / GeoSPARQL 1.1,https://raw.githubusercontent.com/opengeospatial/geosemantics-semantic-resources/658d2ad16e4c28a786ff657a8517fa8f7c50abe7/resources/geosparql-swg/geosparql-1.1/manifest.ttl,selected via manifest vocabs/*.ttl
SRC005,documentation,DCAT-AP 3.0.1 Release Index,3.0.1,https://raw.githubusercontent.com/SEMICeu/DCAT-AP/3.0.1/releases/3.0.1/index.html,releases/3.0.1/index.html,3.0.1,2026-09-28,html,unknown,DCAT-AP 3.0.1,DCAT-AP,unknown,unknown,unknown,unknown,,Release index retained to identify the selected application profile snapshot.,SEMICeu/DCAT-AP release 3.0.1,https://github.com/SEMICeu/DCAT-AP/tree/3.0.1/releases/3.0.1,minimum documentation artifact for target identification
SRC005,shacl,dcat-ap-SHACL.ttl,3.0.1,https://raw.githubusercontent.com/SEMICeu/DCAT-AP/3.0.1/releases/3.0.1/shacl/dcat-ap-SHACL.ttl,releases/3.0.1/shacl/dcat-ap-SHACL.ttl,3.0.1,2026-09-28,turtle,unknown,DCAT-AP metadata records,DCAT-AP,unknown,unknown,unknown,unknown,,Published under the dedicated releases/3.0.1/shacl/ directory.,SEMICeu/DCAT-AP release 3.0.1,https://github.com/SEMICeu/DCAT-AP/tree/3.0.1/releases/3.0.1/shacl,enumerated only from releases/3.0.1/shacl/; html/shacl excluded from this pilot
SRC005,shacl,ranges.ttl,3.0.1,https://raw.githubusercontent.com/SEMICeu/DCAT-AP/3.0.1/releases/3.0.1/shacl/ranges.ttl,releases/3.0.1/shacl/ranges.ttl,3.0.1,2026-09-28,turtle,unknown,DCAT-AP metadata records,DCAT-AP,unknown,unknown,unknown,unknown,,Published under the dedicated releases/3.0.1/shacl/ directory.,SEMICeu/DCAT-AP release 3.0.1,https://github.com/SEMICeu/DCAT-AP/tree/3.0.1/releases/3.0.1/shacl,enumerated only from releases/3.0.1/shacl/; html/shacl excluded from this pilot
SRC006,documentation,Compliant_Dataset_Compliance_Testing_Report.pdf,unknown,https://zenodo.org/api/records/19222588/files/Compliant_Dataset_Compliance_Testing_Report.pdf/content,,10.5281/zenodo.19222588,2026-09-28,pdf,research,unknown,,unknown,yes,yes,unknown,,checksum=md5:355aca30283f6c9078e9d1aec008c12a,Zenodo record 10.5281/zenodo.19222588,https://doi.org/10.5281/zenodo.19222588,enumerated from exact Zenodo record; demo video excluded
SRC006,documentation,Modified_Dataset_1_Compliance_Testing_Report.pdf,unknown,https://zenodo.org/api/records/19222588/files/Modified_Dataset_1_Compliance_Testing_Report.pdf/content,,10.5281/zenodo.19222588,2026-09-28,pdf,research,unknown,,unknown,yes,yes,unknown,,checksum=md5:8212f7f4fb300e4a85fec1809cb05b5d,Zenodo record 10.5281/zenodo.19222588,https://doi.org/10.5281/zenodo.19222588,enumerated from exact Zenodo record; demo video excluded
SRC006,documentation,Modified_Dataset_2_Compliance_Testing_Report.pdf,unknown,https://zenodo.org/api/records/19222588/files/Modified_Dataset_2_Compliance_Testing_Report.pdf/content,,10.5281/zenodo.19222588,2026-09-28,pdf,research,unknown,,unknown,yes,yes,unknown,,checksum=md5:e46ed848cdb51818ecd56ef466bdbfa3,Zenodo record 10.5281/zenodo.19222588,https://doi.org/10.5281/zenodo.19222588,enumerated from exact Zenodo record; demo video excluded
SRC006,documentation,Modified_Dataset_3_Compliance_Testing_Report.pdf,unknown,https://zenodo.org/api/records/19222588/files/Modified_Dataset_3_Compliance_Testing_Report.pdf/content,,10.5281/zenodo.19222588,2026-09-28,pdf,research,unknown,,unknown,yes,yes,unknown,,checksum=md5:e049dba47a2dd813f615be77cf78eaf5,Zenodo record 10.5281/zenodo.19222588,https://doi.org/10.5281/zenodo.19222588,enumerated from exact Zenodo record; demo video excluded
SRC006,documentation,details_description_of_each_dataset.md,unknown,https://zenodo.org/api/records/19222588/files/details_description_of_each_dataset.md/content,,10.5281/zenodo.19222588,2026-09-28,markdown,research,unknown,,unknown,yes,yes,unknown,,checksum=md5:5699c13c70e316a959cb155f12a61762,Zenodo record 10.5281/zenodo.19222588,https://doi.org/10.5281/zenodo.19222588,enumerated from exact Zenodo record; demo video excluded
SRC006,documentation,details_description_of_shacl_shape.md,unknown,https://zenodo.org/api/records/19222588/files/details_description_of_shacl_shape.md/content,,10.5281/zenodo.19222588,2026-09-28,markdown,research,unknown,,unknown,yes,yes,unknown,,checksum=md5:c40ae99f6d799237720f498240c83133,Zenodo record 10.5281/zenodo.19222588,https://doi.org/10.5281/zenodo.19222588,enumerated from exact Zenodo record; demo video excluded
SRC006,example_data,compliant_dataset.json,unknown,https://zenodo.org/api/records/19222588/files/compliant_dataset.json/content,,10.5281/zenodo.19222588,2026-09-28,json,research,ODCT validation datasets for SAREF/SAREF4ENER shapes,,unknown,yes,yes,unknown,,checksum=md5:57b4888168e3ffaca5baed57d4462ed5,Zenodo record 10.5281/zenodo.19222588,https://doi.org/10.5281/zenodo.19222588,enumerated from exact Zenodo record; demo video excluded
SRC006,shacl,saref_and_saref4ener_shacl_shape.ttl,unknown,https://zenodo.org/api/records/19222588/files/saref_and_saref4ener_shacl_shape.ttl/content,,10.5281/zenodo.19222588,2026-09-28,turtle,research,SAREF and SAREF4ENER,,unknown,yes,yes,unknown,,checksum=md5:f6201693c2ee15429603f39065bcf445,Zenodo record 10.5281/zenodo.19222588,https://doi.org/10.5281/zenodo.19222588,enumerated from exact Zenodo record; demo video excluded
SRC006,test_data,modifieddataset1.json,unknown,https://zenodo.org/api/records/19222588/files/modifieddataset1.json/content,,10.5281/zenodo.19222588,2026-09-28,json,research,ODCT validation datasets for SAREF/SAREF4ENER shapes,,unknown,yes,yes,unknown,,checksum=md5:baef62b6f44beeea150c8f9cd83019a1,Zenodo record 10.5281/zenodo.19222588,https://doi.org/10.5281/zenodo.19222588,enumerated from exact Zenodo record; demo video excluded
SRC006,test_data,modifieddataset2.json,unknown,https://zenodo.org/api/records/19222588/files/modifieddataset2.json/content,,10.5281/zenodo.19222588,2026-09-28,json,research,ODCT validation datasets for SAREF/SAREF4ENER shapes,,unknown,yes,yes,unknown,,checksum=md5:bc689c314e574477c27d230760c3ef58,Zenodo record 10.5281/zenodo.19222588,https://doi.org/10.5281/zenodo.19222588,enumerated from exact Zenodo record; demo video excluded
SRC006,test_data,modifieddataset3.json,unknown,https://zenodo.org/api/records/19222588/files/modifieddataset3.json/content,,10.5281/zenodo.19222588,2026-09-28,json,research,ODCT validation datasets for SAREF/SAREF4ENER shapes,,unknown,yes,yes,unknown,,checksum=md5:b25660a236705c689e5b26abe554d931,Zenodo record 10.5281/zenodo.19222588,https://doi.org/10.5281/zenodo.19222588,enumerated from exact Zenodo record; demo video excluded
