source_id,name,organization,source_type,homepage,repository,description,discovery_method,discovered_on,screening_decision,exclusion_reason,notes
SRC001,SAREF,ETSI,standard,https://saref.etsi.org/,,SAREF ontology and validation resources,advisor_seed,2026-09-28,candidate,,ETSI TS 104 267 is an adopted work item for a SAREF SHACL Shapes Repository. The repository is not yet published as of 2026-09-28.
SRC002,QUDT,QUDT.org,ontology,https://www.qudt.org/,,QUDT ontologies and SHACL schema graphs,advisor_seed,2026-09-28,included,,Official QUDT catalog publishes versioned SHACL and OWL schema graphs. Version 3.5.2 was current when screened.
SRC003,OGC Building Blocks,Open Geospatial Consortium,specification_ecosystem,https://blocks.ogc.org/,https://github.com/opengeospatial/bblocks,Reusable OGC specification components with SHACL validation resources,advisor_seed,2026-09-28,included,,"Public OGC register provides SHACL shapes, tests, validation reports, and versioned building block metadata. Screened against repository commit af182cbb1a49775a3ecd526bed20a2600ab3e639. The initial pilot covers the bblocks array of the fixed OGC Main register snapshot; imported external registers are not recursively collected."
SRC004,GeoSPARQL,Open Geospatial Consortium,standard,https://www.ogc.org/standards/geosparql/,https://github.com/opengeospatial/ogc-geosparql,GeoSPARQL standard and its SHACL validation resources,related_source,2026-09-28,included,,GeoSPARQL 1.1 includes an official SHACL RDF validator. OGC also maintains a separate repository of community contributed extended GeoSPARQL shapes.
SRC005,DCAT-AP,SEMIC / European Commission,application_profile,https://interoperable-europe.ec.europa.eu/collection/semic-support-centre/solution/dcat-application-profile-data-portals-europe,https://github.com/SEMICeu/DCAT-AP,DCAT application profile and its SHACL validation resources,related_source,2026-09-28,included,,The official repository contains versioned DCAT-AP releases with SHACL constraint files. Version 3.0.1 was the current recommendation when screened.
SRC006,ODCT,Trialog / Mines Saint-Etienne,research_project,https://zenodo.org/records/19222588,,SHACL constraints and validation resources for SAREF and SAREF4ENER,preliminary_work,2026-09-28,included,,"Public Zenodo record provides the SHACL shapes, datasets, documentation, and validation reports used in the ODCT study."
SRC007,Open Ontologies,Tesseract Semantics / Fabio Rovai,software_project,https://github.com/fabio-rovai/open-ontologies,https://github.com/fabio-rovai/open-ontologies,Ontology engineering and verification software with SHACL benchmark/example resources,repository_search,2026-09-28,excluded,SHACL files found are benchmark/example material supporting the software rather than a maintained domain validation resource in the collection scope.,GitHub source-level screening completed. Evidence snapshot: 6f81d788c37a51d206542496620920c35a429b17. Evidence: benchmark/reference/ies4.shacl. Validation target: benchmark/example ontologies. Purpose: tool benchmarking and ontology engineering.
SRC008,MMS-RDF,Open-MBEE,software_project,https://github.com/Open-MBEE/mms-rdf,https://github.com/Open-MBEE/mms-rdf,RDF triplification tooling for Open-MBEE models,repository_search,2026-09-28,excluded,The screened repository declares the SHACL namespace but no concrete maintained SHACL shapes graph or documented SHACL validation target was verified.,GitHub source-level screening completed. Evidence snapshot: fd39c2a7622fd8637c0cd38c8524fea01fa1665f. Evidence: config.js. Validation target: not verified. Purpose: not verified.
SRC009,Japanese Textbook Linked Open Data,jp-textbook,linked_data_project,https://w3id.org/jp-textbook/,https://github.com/jp-textbook/jp-textbook.github.io,Japanese Textbook Linked Open Data and its SHACL shapes,repository_search,2026-09-28,included,,GitHub source-level screening completed. Evidence snapshot: b3580f409e2f6e4a7ef56249ad093a9e5a5d46d5. Evidence: ItemShape.ttl; SchoolShape.ttl; other *Shape.ttl files. Validation target: Japanese Textbook LOD resources. Purpose: constraints for textbook linked data.
SRC010,Shapes of You,vemonet / Maastricht University IDS,registry,https://github.com/vemonet/shapes-of-you,https://github.com/vemonet/shapes-of-you,"Index of SHACL, ShEx, OWL and other semantic resources from public repositories",repository_search,2026-09-28,excluded,"This is a discovery/indexing registry over heterogeneous third-party resources, not one underlying SHACL validation source. It is retained as a possible discovery route instead.",GitHub source-level screening completed. Evidence snapshot: cf8efe48ef560e3d7d2b2ca806114fe23beb0928. Evidence: README.md. Validation target: heterogeneous indexed resources. Purpose: resource discovery/indexing.
SRC011,Brick,BrickSchema,ontology,https://brickschema.org/,https://github.com/BrickSchema/Brick,Ontology and validation resources for building metadata,repository_search,2026-09-28,included,,GitHub source-level screening completed. Evidence snapshot: 2f08f52fd25ac03d08e402a6d32f02ec137213c7. Evidence: validation.ttl; bricksrc/root_class_shapes.ttl. Validation target: Brick building models. Purpose: validation and inference for Brick models.
SRC012,IndustryFusion Process Data Twin,IndustryFusion Foundation,software_project,https://github.com/IndustryFusion/DigitalTwin,https://github.com/IndustryFusion/DigitalTwin,Semantic digital-twin platform with project SHACL rules and shapes,repository_search,2026-09-28,included,,"GitHub source-level screening completed. Evidence snapshot: 9a7deb0c9e7dd664dc016a4ae992e15e815a3a41. Evidence: semantic-model/kms/shacl.ttl; semantic-model/datamodel/. Validation target: IndustryFusion NGSI-LD/RDF digital-twin model. Purpose: data quality, compliance, and graph-rule validation."
SRC013,ldes-server,rdf-connect,software_project,https://github.com/rdf-connect/ldes-server,https://github.com/rdf-connect/ldes-server,Linked Data Event Stream server components,repository_search,2026-09-28,excluded,The SHACL material verified in the screened source is an illustrative README example; no standalone maintained project SHACL validation artifact was verified.,GitHub source-level screening completed. Evidence snapshot: 2eefc570033a7e09a64d3df68acd06f4893aa812. Evidence: README.md. Validation target: example PointShape. Purpose: documentation example.
SRC014,ODIS Architecture,IODE / Ocean InfoHub,research_project,https://book.odis.org/,https://github.com/iodepo/odis-arch,Ocean Data and Information System architecture with SHACL validation graphs,repository_search,2026-09-28,included,,GitHub source-level screening completed. Evidence snapshot: 9f659405483a70ed26d75608806f0795a0cd2504. Evidence: validation/SHACL/; book/validation/graphs/. Validation target: ODIS/schema.org/DCAT dataset metadata. Purpose: validation of ocean-data metadata.
SRC015,MaastrichtU IDS SHACL Shapes Registry,Maastricht University Institute of Data Science,registry,https://github.com/MaastrichtU-IDS/shacl-shapes,https://github.com/MaastrichtU-IDS/shacl-shapes,Repository aggregating SHACL shapes from multiple targets and contributors,repository_search,2026-09-28,excluded,The repository is an aggregator/registry of heterogeneous shapes. Underlying resources should be followed to their original sources rather than treated as one source.,GitHub source-level screening completed. Evidence snapshot: 702f6f67de2ebb2ec345ffdef5e0a9193966c991. Evidence: README.md; generic/ontology_shape.shacl.ttl. Validation target: heterogeneous. Purpose: registry/discovery.
SRC016,DaSCH Service Platform Ontologies,DaSCH Swiss National Data and Service Center for the Humanities,ontology,https://github.com/dasch-swiss/dsp-ontologies,https://github.com/dasch-swiss/dsp-ontologies,"DSP metadata ontology, SHACL shapes, example metadata, and tests",repository_search,2026-09-28,included,,GitHub source-level screening completed. Evidence snapshot: 496de846345afb4e94d9ec5643dba4161d87629c. Evidence: dsp-repository/v1/dsp-repository.shacl.ttl. Validation target: DSP project metadata. Purpose: validation of project metadata against the DSP ontology.
SRC017,OrionBelt Analytics,ralforion,software_project,https://github.com/ralforion/orionbelt-analytics,https://github.com/ralforion/orionbelt-analytics,Ontology-driven analytics software with a concrete SHACL graph for generated ontology metadata,repository_search,2026-09-28,included,,GitHub source-level screening completed. Evidence snapshot: dca364512367df85532999b006c077280d0fa5e5. Evidence: ontology/oba-shacl.ttl; ontology/spec.md. Validation target: OrionBelt generated OWL/OBA ontology structure. Purpose: structural validation of generated ontology metadata.
SRC018,FAIR² Specification,FAIR²,specification,https://github.com/fair-squared/fair2-spec,https://github.com/fair-squared/fair2-spec,"FAIR² specification with data schemas, SHACL shapes, and JSON-LD context",repository_search,2026-09-28,included,,GitHub source-level screening completed. Evidence snapshot: 513fc1afb29c389c6d24e82935b993acc0c1c2f6. Evidence: shapes/turtle/; README.md. Validation target: FAIR² data model. Purpose: validation of data against the FAIR² specification.
SRC019,Generieke Hypermedia API,Informatie Vlaanderen,specification,https://github.com/Informatievlaanderen/generieke-hypermedia-api,https://github.com/Informatievlaanderen/generieke-hypermedia-api,Generic Hypermedia API specification,repository_search,2026-09-28,excluded,The screened repository mentions SHACL-related concepts but no concrete maintained SHACL shapes graph with an identifiable validation target was verified.,GitHub source-level screening completed. Evidence snapshot: e149b3cb2801ada6f82dd57c0467c270f424b1ff. Evidence: crud-operaties.md. Validation target: not verified. Purpose: not verified.
SRC020,DBpedia Databus,DBpedia,software_project,https://github.com/dbpedia/databus,https://github.com/dbpedia/databus,Data management platform with generated SHACL resources for the Databus model,repository_search,2026-09-28,included,,GitHub source-level screening completed. Evidence snapshot: 25f6f0436d859e83da56e59eea0643a7b9818ff6. Evidence: model/generated/shacl/; docs/*.md. Validation target: DBpedia Databus metadata model. Purpose: validation of Databus metadata entities.
SRC021,Web of Things Thing Description,W3C,standard,https://www.w3.org/WoT/,https://github.com/w3c/wot-thing-description,W3C WoT Thing Description specification and validation resources,repository_search,2026-09-28,included,,GitHub source-level screening completed. Evidence snapshot: 7fe7899f207a1ed229f3ca9f31168f6cc18e38a7. Evidence: validation/td-validation.ttl. Validation target: WoT Thing Description RDF model. Purpose: validation of Thing Description constraints.
SRC022,Italian National Semantic Assets,Italian National Data Catalog ecosystem,semantic_asset_catalog,https://schema.gov.it/,https://github.com/italia/dati-semantic-assets,Official national ontologies and controlled vocabularies with SHACL repository rules,repository_search,2026-09-28,included,,GitHub source-level screening completed. Evidence snapshot: a0f5b1ceb98054d29cbb31a18e94bedf605d9447. Evidence: Ontologie/rules.shacl; VocabolariControllati/rules.shacl. Validation target: published ontologies and controlled vocabularies. Purpose: validation of required semantic-asset metadata for publication.
SRC023,BuildingMOTIF,National Renewable Energy Laboratory / NatLabRockies,software_project,https://github.com/NatLabRockies/BuildingMOTIF,https://github.com/NatLabRockies/BuildingMOTIF,Building metadata validation framework with maintained SHACL libraries,repository_search,2026-09-28,included,,"GitHub source-level screening completed. Evidence snapshot: 64ae7a0cb49fdbf9f95fa07ab3592f43800bc40e. Evidence: libraries/ZonePAC/shapes.ttl; buildingmotif/libraries/; docs/tutorials/model_validation.md. Validation target: building metadata models such as Brick and application manifests. Purpose: ontology, manifest, and use-case validation."
SRC024,Unified Cyber Ontology,UCO Project,ontology,https://unifiedcyberontology.org/,https://github.com/ucoProject/UCO,Cybersecurity ontology with integrated SHACL constraints,repository_search,2026-09-28,included,,GitHub source-level screening completed. Evidence snapshot: 7ebb3957e9e9a2e1bb9c66cd1ede8c912a726344. Evidence: ontology/co/co.ttl; ontology/owl/owl.ttl; ontology/uco/. Validation target: UCO cybersecurity information model. Purpose: validation constraints integrated with UCO ontology modules.
SRC025,Data Products Ontology (DPROD),EKGF Data Product Workgroup,ontology,https://ekgf.org/dprod,https://github.com/EKGF/dprod,Data Products Ontology specification with SHACL shapes and test cases,repository_search,2026-09-28,included,,GitHub source-level screening completed. Evidence snapshot: cd6e07a367bc0a612806a8c3502efc9c0340be63. Evidence: ontology/dprod/dprod-shapes.ttl; dprod-contracts/dprod-contracts-shapes.ttl. Validation target: DPROD data-product model. Purpose: validation of DPROD instances and contract semantics.
SRC026,SPDX 3 Model,SPDX,standard,https://spdx.dev/,https://github.com/spdx/spdx-3-model,SPDX 3 information model with generated SHACL and OWL serializations,repository_search,2026-09-28,included,,GitHub source-level screening completed. Evidence snapshot: c58e241970bc3077696e88acc32a10d97558ae67. Evidence: docs/format.md; generated spdx-model.ttl referenced from README. Validation target: SPDX 3 information model. Purpose: serialization and validation of SPDX model data.
SRC027,euBusinessGraph Semantic Model,euBusinessGraph,ontology,http://www.eubusinessgraph.eu/,https://github.com/euBusinessGraph/eubg-data,Semantic model for company data with SHACL and ShEx shapes,repository_search,2026-09-28,included,,GitHub source-level screening completed. Evidence snapshot: 18f0437c366227956e7f6b41a30e128e4239dddf. Evidence: model/ebg-shapes.shacl. Validation target: euBusinessGraph company-data model. Purpose: validation of incoming company data.
SRC028,MOSAiC Ontology SHACL Shapes,DataONE Semantics and Provenance Working Group,ontology,https://github.com/DataONEorg/sem-prov-ontologies,https://github.com/DataONEorg/sem-prov-ontologies,MOSAiC ontology development resource with a public SHACL shapes graph,repository_search,2026-09-28,included,,GitHub source-level screening completed. Evidence snapshot: 822249f9f349b2b4713b9d8a8d54de8d7e8e7ac1. Evidence: MOSAiC/dev/shapes.shacl; MOSAiC/README.md. Validation target: MOSAiC ontology classes and annotated expedition data. Purpose: development constraints over MOSAiC ontology instances.
SRC029,CRITERIA,Canadian Heritage Information Network,software_project,https://github.com/chin-rcip/CRITERIA,https://github.com/chin-rcip/CRITERIA,CIDOC CRM RDF-to-Mermaid visualization tool,repository_search,2026-09-28,excluded,The concrete SHACL file is a demo/annotation aid for visualization rather than a maintained SHACL validation resource with a documented validation task.,GitHub source-level screening completed. Evidence snapshot: dfc7e5b74e6543c9b8e7756b33c5b554b2df6754. Evidence: rdf/demo_shape.shacl; README.md. Validation target: demo RDF nodes. Purpose: diagram annotation/visualization.
SRC030,Cube Schema,Zazuko,specification,https://cube.link/,https://github.com/zazuko/cube-link,Cube Schema with versioned SHACL validation profiles and tests,repository_search,2026-09-28,included,,"GitHub source-level screening completed. Evidence snapshot: f042b86ad13ada3af8a48b62bb56de15d197199b. Evidence: validation/; test/; README.md. Validation target: Cube datasets and profile-specific metadata. Purpose: validation of cubes, hierarchies, metadata profiles, and observations."
SRC031,Web of Needs,Research Studio Austria / SAT,software_project,https://github.com/researchstudio-sat/webofneeds,https://github.com/researchstudio-sat/webofneeds,Decentralized Linked Data protocol with project SHACL content shapes,repository_search,2026-09-28,included,,GitHub source-level screening completed. Evidence snapshot: c64a0889e7ac0f81c1f3a6a2d2b3f01372457686. Evidence: webofneeds/won-utils/won-utils-content/src/main/resources/shacl/won-content-shapes.ttl. Validation target: Web of Needs atoms/content and authorization data. Purpose: validation of project RDF content and requirements.
SRC032,CRS Ontology,Open Geospatial Consortium / W3C SDW collaboration,ontology,https://github.com/opengeospatial/ontology-crs,https://github.com/opengeospatial/ontology-crs,Coordinate Reference System ontology with SHACL rule graphs,repository_search,2026-09-28,included,,GitHub source-level screening completed. Evidence snapshot: d7b6dbb9c22e11bbcd6440b41cac35d54e26884a. Evidence: _sources/cs/rules.shacl; _sources/srs/rules.shacl; _sources/datum/rules.shacl. Validation target: CRS ontology data and coordinate-system structures. Purpose: validation/rules for CRS ontology resources.
SRC033,model2owl,Publications Office of the European Union / OP-TED,software_tool,https://github.com/OP-TED/model2owl,https://github.com/OP-TED/model2owl,Tool transforming UML models into OWL ontologies and SHACL shapes,repository_search,2026-09-28,excluded,This repository is the generator/tool and its concrete SHACL files are tests/generated examples. Downstream published eProcurement SHACL outputs should be followed as their own source.,GitHub source-level screening completed. Evidence snapshot: 351ee025728c1a606c19175b687eb94c637e9571. Evidence: src/shacl-shapes.xsl; test/testData/shacl/. Validation target: generated downstream models. Purpose: SHACL generation tooling.
SRC034,AD4M,Coasys,software_project,https://github.com/coasys/ad4m,https://github.com/coasys/ad4m,Agent-centric platform migrating runtime schema definitions to SHACL,repository_search,2026-09-28,excluded,The verified SHACL material is architecture documentation and runtime-generated schema code; no standalone maintained public SHACL shapes artifact was identified for collection.,GitHub source-level screening completed. Evidence snapshot: d877db2138427350ee4060a786eb8040b99c1fe6. Evidence: SHACL_SDNA_ARCHITECTURE.md; core/src/shacl/SHACLShape.ts. Validation target: runtime-generated application schemas. Purpose: runtime schema representation.
SRC035,YALC (Yet Another LOD Cloud),TriplyDB,linked_data_project,https://github.com/TriplyDB/YALC,https://github.com/TriplyDB/YALC,LOD Cloud configuration repository with SHACL patterns for dataset metadata,repository_search,2026-09-28,included,,GitHub source-level screening completed. Evidence snapshot: 7c3bb255ced897f098c944f8ea561de9ce4cdb29. Evidence: rdf/patterns.trig. Validation target: YALC linked-dataset metadata/configuration. Purpose: validation constraints for YALC dataset descriptions.
SRC036,Mobi,inovex,software_project,https://mobi.inovexcorp.com/,https://github.com/inovexcorp/mobi,Collaborative knowledge-graph platform using SHACL to define application settings and workflows,repository_search,2026-09-28,included,,GitHub source-level screening completed. Evidence snapshot: e71dcac8088bc60cf3632414b83ef2b13e97cdc1. Evidence: com.mobi.setting.api/README.md; com.mobi.notification.api/src/main/resources/notification.ttl. Validation target: Mobi setting/workflow RDF definitions. Purpose: structural constraints and UI-enforced setting validation.
SRC037,htmlvoc,W3C Semantic HTML-vocabulary Community Group / contributors,specification,https://floresbakker.github.io/htmlvoc/,https://github.com/floresbakker/htmlvoc,Semantic HTML vocabulary specification with SHACL validation graph,repository_search,2026-09-28,included,,GitHub source-level screening completed. Evidence snapshot: b6da9e1bac450d75f91daf987137ef15e229a31a. Evidence: specification/html - validation.trig. Validation target: RDF representation of HTML documents. Purpose: validation of semantic HTML documents.
SRC038,COLID,Bayer Group,software_project,https://github.com/Bayer-Group/COLID-Documentation,https://github.com/Bayer-Group/COLID-Setup,Corporate Linked Data metadata repository with ontology-integrated SHACL constraints,repository_search,2026-09-28,included,,GitHub source-level screening completed. Evidence snapshot: 98419222fad39b80a3a155e1c33afa6dcadfeccf. Evidence: fuseki-staging/graphs/metadata/pid_ontology_12__OpenSource.ttl; COLID-Documentation ontology docs. Validation target: COLID corporate-asset metadata model. Purpose: validation of resource metadata defined by the COLID ontology.
SRC039,IMBOR,Stichting CROW,ontology,https://www.crow.nl/,https://github.com/Stichting-CROW/imbor,Dutch public-space asset-management ontology with SHACL constraints,repository_search,2026-09-28,included,,GitHub source-level screening completed. Evidence snapshot: 32761285e1e5385fe273aa763b2f9411dc973638. Evidence: docs/imbor-ld/docs/m1-spec.md; docs/best-practices/sections/shacl-shapes.md. Validation target: registered public-space asset data conforming to IMBOR. Purpose: validation of registered data against IMBOR constraints.
SRC040,W3C SHACL Resources,W3C Data Shapes Working Group,specification_ecosystem,https://www.w3.org/groups/wg/data-shapes/,https://github.com/w3c/shacl-resources,"Official W3C Data Shapes Working Group repository containing SHACL 1.2 profiles, SHACL-SHACL validation graphs, and SHACL-OWL.",working_group_follow_up,2026-09-28,included,,"Official W3C Data Shapes WG resource repository. Fixed snapshot: eaffc1aa8958d21dac4c6bb514014e1a2ac23b02. README identifies profiles-of-shacl, shacl-shacl, and shacl-owl as maintained SHACL resources."
SRC041,The Profiles Vocabulary 1.0,W3C Dataset Exchange Working Group,standard,https://www.w3.org/TR/dx-prof-1.0/,https://github.com/w3c/dx-prof,"W3C vocabulary for describing profiles of standards and their supporting resources, with an accompanying SHACL validator graph.",working_group_follow_up,2026-09-28,included,,W3C Working Draft dated 2026-09-15. Fixed repository snapshot: b17d619fb7a2b71f0701142c0d25b86e2c6c1d6b. Concrete SHACL validator: prof/rdf/validator.ttl. The specification explicitly models validation resources and constraint-language artifacts as profile resources.
SRC042,SHACL and ShEx in the Wild,Aalborg University / authors,research_project,https://doi.org/10.1145/3487553.3524253,https://github.com/Kashif-Rabbani/validatingshapes,"Research project accompanying a community survey on validating-shape generation and adoption; publishes generated SHACL shapes for DBpedia, YAGO-4, and LUBM.",survey_follow_up,2026-09-28,included,,"Survey follow-up requested by the project feedback. Repository snapshot: 1884aaf78c2feb2c4cdad24572f85b2c206712d3. The project identifies DBpedia, YAGO-4, and LUBM as targets and publishes extracted SHACL shapes on Zenodo DOI 10.5281/zenodo.5958986. Generated shapes are permitted by the collection protocol."
